website,status,Description,
http://bga4z3j6ku7syoiu.onion/,Site hosted by HostDanyyy hosting service | Free anonymous webhosting,Freshonions,
http://7s63lqf6foeugmwm.onion/,Site hosted by HostDanyyy hosting service | Free anonymous webhosting,Freshonions,
http://sl2hscld5k2yiuhl.onion/,,Freshonions,
http://3yoixh63okdway3y.onion/,403 Forbidden,Freshonions,
http://cccsdeqpjd6h46n4.onion/,CCC Stuttgart - Startseite,Freshonions,
http://kw34omnipy5c3msv.onion/,,Freshonions,
http://basetoolsnleabvh.onion/,Login - BaseTools,Freshonions,
http://cryptmtwvaoohjre.onion/,,Freshonions,
http://z4jwpqo6hlviahjc.onion/,AlphaCheats - Welcome,Freshonions,
http://platypus336fv2el.onion/,KryptoPlatypus • PayPal Cashout Service,Freshonions,
http://btmt56ang4ocrwky.onion/,BtMtcRypTo,Freshonions,
http://hydra6tst6c75c6p.onion/,Вы не робот?,Freshonions,
http://5wqh72okh6l3z3gz.onion/,,Freshonions,
http://nlgro7qqgwi2jjnv.onion/,"NL Growers - Coffee Shop grade Cannabis from the Netherlands - Weed, Hash, Marijuana, Cannabis for Bitcoins",Freshonions,
http://califorpiwfpys2p.onion/,California-Dreams,Freshonions,
http://r52u3wty3c2xzwkp.onion/,Index of /,Freshonions,
http://llorxakvrfpwerit.onion/,Database Error,Freshonions,
http://tyfpgd25l2ozzk2x.onion/,phpinfo(),Freshonions,
http://piayva72jursgz5q.onion/,403 Forbidden,Freshonions,
http://bbguhsx2zu2mqwuy.onion/,Noxan,Freshonions,
http://jttmf2jzejbz2txe.onion/,Bíblia Sagrada,Freshonions,
http://22222222gnu35moa.onion/,~Atlayo~,Freshonions,
http://22222222gudgigfi.onion/,NSA Leak,Freshonions,
http://white4vvi65svh2r.onion/,WhiteRose,Freshonions,
http://orowquhnbgugadss.onion/,Site hosted by HostDanyyy hosting service | Free anonymous webhosting,Freshonions,
http://ct3f4a3gevirhzqr.onion/,,Freshonions,
http://govanifydnjinmk2.onion/,GovanifY,Freshonions,
http://ldqu4hxg2gx6af7j.onion/,,Freshonions,
http://xgjqncr4fejddilo.onion/,Site hosted by HostDanyyy hosting service | Free anonymous webhosting,Freshonions,
http://qtzd4bgwrcryr65u.onion/,,Freshonions,
http://3qf4wewa5bojmcgr.onion/,,Freshonions,
http://fqkqa3crubpssasn.onion/,Violation rules of our hosting,Freshonions,
http://3jlwpsn622qnmlao.onion/,Violation rules of our hosting,Freshonions,
http://qq6xxhznfwkqu6u4.onion/,MKL - Mit Kindern leben | Der Eltern-Podcast mit Patricia Cammarata und Caspar Clemens MierauMKL – Mit Kindern leben | Der Eltern-Podcast mit Patricia Cammarata und Caspar Clemens Mierau,Freshonions,
http://trust2uh5oagvzba.onion/,,Freshonions,
http://nab7ndpnatolcrtl.onion/,Violation rules of our hosting,Freshonions,
http://gymxqqkltklrp6be.onion/,Site hosted by HostDanyyy hosting service | Free anonymous webhosting,Freshonions,
http://chvxt54ubsmaeqca.onion/,Teste 01,Freshonions,
http://5mdmyxtrparpkuae.onion/,Site hosted by HostDanyyy hosting service | Free anonymous webhosting,Freshonions,
http://h6vfqbweskjqiotw.onion/,Site hosted by HostDanyyy hosting service | Free anonymous webhosting,Freshonions,
http://elixbp5oncr7sy5l.onion/,404 Not Found,Freshonions,
http://hc6gfhzyci7v33jh.onion/,Site hosted by HostDanyyy hosting service | Free anonymous webhosting,Freshonions,
http://kzpajyms6plr7wo2.onion/,iBoot Source Code,Freshonions,
http://privacyra3ek6uiy.onion/,,Freshonions,
http://hydra7r4ztgb5akl.onion/,Вы не робот?,Freshonions,
http://4qwn63o7zic6elgk.onion/,,Freshonions,
http://6v5s3iskbezvujbh.onion/,,Freshonions,
http://mqw3wols7h5zruge.onion/,Site hosted by HostDanyyy hosting service | Free anonymous webhosting,Freshonions,
http://lw4vdi6kb35ixmaj.onion/,start [DeepLugano],Freshonions,
http://redvicerd7hwacbz.onion/,,Freshonions,
http://dedop55jh6foku7z.onion/,"DeDope - German Weed Shop - weed online kaufen, weed f�r bitcoins, marijuana online kaufen, cannabis online kaufen f�r Bitcoins",Freshonions,
http://smoke77v445xp3oc.onion/,Smokeables - Finest Organic Cannabis - Buy weed in the US for bitcoin from smokeables deep web shop,Freshonions,
http://slcpl4g2jwi345zf.onion/,Unethical Forums,Freshonions,
http://tfasrwdfva5b7owi.onion/,,Freshonions,
http://kwzt4fmuaka6yj6g.onion/,,Freshonions,
http://poz4crwcggv4enlp.onion/,,Freshonions,
http://z6vxbof6qywzlfxl.onion/,,Freshonions,
http://archivecaslytosk.onion/,Webpage archive,Freshonions,
http://pke4otmsoa5ww7v5.onion/,DutchDrugz's Psychedelicum - Login,Freshonions,
http://isok772v6ecetkmk.onion/,,Freshonions,
http://qxi7yw7ljhwhsdh3.onion/,,Freshonions,
http://7cbjwdo2nuejlbbb.onion/,BIT_Stats,Freshonions,
http://fwp4pj356s7kqkf2.onion/,,Freshonions,
http://plasticdfp3fbh7v.onion/,Plastic Marketplace,Freshonions,
http://royaldmpqxkmvx5g.onion/,Royal Dumps shop - buy dumps online ♣ sell dumps ♣ credit card dumps,Freshonions,
http://ycmd4dltfuuc23ey.onion/,Hacked By Slayerİ4,Freshonions,
http://xghpeybkvrsvqk5h.onion/,Hacked By Slayerİ4,Freshonions,
http://xstftgkuslse3vut.onion/,Walt Cards - Gift Card seller since 2013,Freshonions,
http://paypalakdkov4ocw.onion/,PAYPAL,Freshonions,
http://darkjdlh7yoy53ij.onion/,CB3ROB Tactical Data Services - TOR Darknet site listing,Freshonions,
http://ccpalymg3mvufnnt.onion/,"ccPal - CCs, CVV2s, PayPals, Ebay accounts and more - buy stolen creditcards with bitcoin",Freshonions,
http://cards5yd7nedasac.onion/,Plastic Marketplace,Freshonions,
http://vvzop7fchme4kv22.onion/,404 Not Found,Freshonions,
http://sbtubperiyn4ka4u.onion/,404 Not Found,Freshonions,
http://zey6ebzl67ccqqbw.onion/,Site hosted by HostDanyyy hosting service | Free anonymous webhosting,Freshonions,
http://n3ejpn5ppneupulx.onion/,TORCH: Tor Search!,Freshonions,
http://m5fjilekfk5z75qt.onion/,Site hosted by HostDanyyy hosting service | Free anonymous webhosting,Freshonions,
http://nusdxzskx3ciyvhk.onion/,PirateCRACKERS | Home,Freshonions,
http://mgnsxhw73ouokkxj.onion/,Site hosted by HostDanyyy hosting service | Free anonymous webhosting,Freshonions,
http://lkfkidkm4k66eeml.onion/,404 Not Found,Freshonions,
http://kilcb46ryosgs7kr.onion/,Deep Web Hosting | Secured and Anonymous | Linux PHP hosting 1000MB and Unlimited Bandwidth,Freshonions,
http://b4aykzpdiyfkcejz.onion/,HackDogg | Cyber Crime Solution,Freshonions,
http://7nj2hxc2tyciwdck.onion/,Site hosted by HostDanyyy hosting service | Free anonymous webhosting,Freshonions,
http://k3wu3w6yo3qxmz24.onion/,Site hosted by HostDanyyy hosting service | Free anonymous webhosting,Freshonions,
http://b32i2m2o6bgvb3pk.onion/,Site hosted by HostDanyyy hosting service | Free anonymous webhosting,Freshonions,
http://bdouble3tgs5cos6.onion/,BitcoinDouble - Double your bitcoin in 24 hours - Professional Bitcoin Doubler Platform,Freshonions,
http://6fzavgwz63ei73hn.onion/,TORCH: Tor Search!,Freshonions,
http://ygv35a2227bg2cpy.onion/,WhiteRose,Freshonions,
http://wrb4qtopgk4c5m4g.onion/,,Freshonions,
http://bitcoinbtcex6vdc.onion/,OFFICIAL BITCOIN x200 SERVICE - ®2018,Freshonions,
http://wcqihn4wjiksucmd.onion/,Hacked By Slayerİ4,Freshonions,
http://insiderknssdtzez.onion/,,Freshonions,
http://5hzh4tl72jk6ugem.onion/,,Freshonions,
http://g4npsfrb6yz2tgin.onion:17979/,,Freshonions,
http://3nq2dd5la2n3wbqg.onion/,Site hosted by HostDanyyy hosting service | Free anonymous webhosting,Freshonions,
http://ttjm7vxaztrwff7b.onion/,Hacked By Slayerİ4,Freshonions,
http://fubmhhm7j6esuprg.onion/,Tor Snake Game,Freshonions,
http://hydra4flqnyxqy6q.onion/,Вы не робот?,Freshonions,
http://wn2vtsetsdggve45.onion/,Dream Market Login - Featured anonymous marketplace,Freshonions,
http://xpuayowjx5nzytay.onion/,Site hosted by HostDanyyy hosting service | Free anonymous webhosting,Freshonions,
http://qgr7q3ncrsr2nugx.onion/,,Freshonions,
http://pacani3ktsdmnzn5.onion/,,Freshonions,
http://noo6herlrudxqtgc.onion/,,Freshonions,
http://trvxbw736xb6yj4s.onion/,403 Forbidden,Freshonions,
http://ebcybhfo7mru6jxn.onion/,A Small Hello,Freshonions,
http://gwjk3qaxojg274to.onion/,FVCK,Freshonions,
http://gazpromkwivvvrwy.onion/,,Freshonions,
http://67chkoohwh2edsn4.onion/,Chatlogs,Freshonions,
http://atldevrugzb3kst4.onion/,Directory listing of http://atldevrugzb3kst4.onion/,Freshonions,
http://u6b7or4qxudkabbv.onion/,,Freshonions,
http://if3fmusmjm6f26lc.onion/,,Freshonions,
http://gqy4lf7ff63dhhaj.onion/,test embed,Freshonions,
http://hd5k77klg3rxgasq.onion/,403 Forbidden,Freshonions,
http://qhns3uv2vkq537f3.onion/,,Freshonions,
http://5ajeq4ka4cchhaeh.onion/,,Freshonions,
http://anonmwrlmrd3drx6.onion/,Anonymous Texts,Freshonions,
http://hydrare6kihmvn7g.onion/,Вы не робот?,Freshonions,
http://floweypadgipa3hx.onion/,Etherpad,Freshonions,
http://2nh7qkz5qlrp3a4g.onion/,CREDIT CARDS SHOP - REAL SELLER CARDS | WESTERN UNION | PAYPAL,Freshonions,
http://hcfnrlwausi2fobw.onion/,,Freshonions,
http://kxhz5yyehkz3eyom.onion/,Hacked By Slayerİ4,Freshonions,
http://3fu2tcg724iqzij7.onion/,marianas webs,Freshonions,
http://smb7p276iht3i2fj.onion/,SecureDrop | Protecting Journalists and Sources,Freshonions,
http://megammpxznehakhm.onion/,/// MEGA,Freshonions,
http://karpyukbqr47nsqm.onion/,,Freshonions,
http://cagju2n3oayh424x.onion/,,Freshonions,
http://ofey5ou3oyuhch6x.onion/,Site hosted by HostDanyyy hosting service | Free anonymous webhosting,Freshonions,
http://lxnn24emkiiua3cu.onion/,COMchan,Freshonions,
http://4fli55dqu7k6p5cz.onion/,Dream Market Login - Featured anonymous marketplace,Freshonions,
http://iuec2frnj5opkndn.onion/,Ghost Devil,Freshonions,
http://f7tcvqzv43nvpmxh.onion/,,Freshonions,
http://cop6ro7xz7joam33.onion/,Black Friday – Le Market du Deep,Freshonions,
http://libertnyyigfn4q3.onion/,502 Bad Gateway,Freshonions,
http://2libertxh3hbjssj.onion/,502 Bad Gateway,Freshonions,
http://w3rh6q7gxvammjo3.onion/,,Freshonions,
http://2liberqtycvfhtby.onion/,502 Bad Gateway,Freshonions,
http://libertosdqjtmbtq.onion/,502 Bad Gateway,Freshonions,
http://libertraa6xvvyac.onion/,502 Bad Gateway,Freshonions,
http://2libere5stx6lgta.onion/,502 Bad Gateway,Freshonions,
http://slrsmrklzc6xnokp.onion/,DDoS Guard,Freshonions,
http://libbyxh6som2twgp.onion/,,Freshonions,
http://r5zcplz6jqndq7r2.onion/,,Freshonions,
http://2bfhv4c5qpgjoivq.onion/,,Freshonions,
http://kl3pfcipvnxba4qi.onion/,,Freshonions,
http://zum5nrq3cguila5x.onion/,Cyanide Inc.,Freshonions,
http://r4k4v4jton7d5kyl.onion/,,Freshonions,
http://miner5225uqffxbs.onion/,,Freshonions,
http://spyiranhereogc3f.onion/,,Freshonions,
http://6du2ljuywx53ww6v.onion/,,Freshonions,
http://u4m2wja3evqgl3ez.onion/,,Freshonions,
http://loroq6p7npcvcwiw.onion/,,Freshonions,
http://meme5i3mab24wlox.onion/,DarkDevil - DeepWeb y DarkWeb The Real History,Freshonions,
http://pdzgtfdvlqsl7w73.onion/,,Freshonions,
http://ktoubio7l7lyp4z6.onion/,404 Not Found,Freshonions,
http://f2tcmrxuoxmw7uvl.onion/,,Freshonions,
http://salviniuipeni6oo.onion/,,Freshonions,
http://merrfymv7oqlhcic.onion/,404 Not Found,Freshonions,
http://yughny7obkobrp5r.onion/,,Freshonions,
http://3f66az7af6ckuhbr.onion/,,Freshonions,
http://pexceaa4sh6btenn.onion/,Site hosted by My's hosting service,Freshonions,
http://fixmatchmncp5i7v.onion/,,Freshonions,
http://4pkahxobu53e6x3e.onion/,,Freshonions,
http://3lxluj3eljfgr7xl.onion/,AnonPlus | We are Anonymous. We are Legion. We do not forgive. We do not forget. Expect us.,Freshonions,
http://tmsre4uwrnyambs5.onion/,SpriteYo's Website,Freshonions,
http://brtneywm2xa4vdtc.onion/,Hi there!,Freshonions,
http://hnnb3qfprz2bhsjf.onion/,,Freshonions,
http://yxrtwucsrvghppz3.onion/,Dream Market Login - Featured anonymous marketplace,Freshonions,
http://ooqmykugjg3emmog.onion/,,Freshonions,
http://g7ii23irxprr3jt4.onion/,,Freshonions,
http://hydra5ibh72zbbuh.onion/,Вы не робот?,Freshonions,
http://u77o6c4fhoyzhjr7.onion/,Site hosted by HostDanyyy hosting service | Free anonymous webhosting,Freshonions,
http://testedb5x55jd4wj.onion/,,Freshonions,
http://pornki545mtg3j43.onion/,,Freshonions,
http://ytutysk23vs3of4b.onion/,,Freshonions,
http://aeydja3jz4oi4q4x.onion/,Index of /,Freshonions,
http://wya7ofihelbeaks6.onion/,Just Some Valuable Content,Freshonions,
http://novamoeu76djqniy.onion/,Nova Kwok's Awesome Blog,Freshonions,
http://p6hjamb242ggsbwe.onion/,,Freshonions,
http://72enpmfamt6xkwqa.onion/,,Freshonions,
http://torftpdwsym66lk7.onion/,TorFTP - anonymous FTP Client,Freshonions,
http://d7wf3bpltleewebt.onion/,,Freshonions,
http://fs5p5xbqcppdkxxb.onion/,,Freshonions,
http://ltnsr2hky42dp5bu.onion/,,Freshonions,
http://tzztc6k7i5fg25gp.onion/,Nicholas Frichette,Freshonions,
http://bu6x37z2bl557y7s.onion/,,Freshonions,
http://7mtzj6hd2w6kmb6a.onion/,403 Forbidden,Freshonions,
http://whnlen6zxe4fvulc.onion/,,Freshonions,
http://o2d5tj2l4a3ltesh.onion/,#Hacked by ./Minhal,Freshonions,
http://3skqmxkbubiq735a.onion/,,Freshonions,
http://tvcj65ftz5ibenax.onion/,,Freshonions,
http://peeradonmb3qqibb.onion/,,Freshonions,
http://4kdb5vts5zkrqnin.onion/,,Freshonions,
http://tntwde46xjl4cgva.onion/,Site hosted by HostDanyyy hosting service | Free anonymous webhosting,Freshonions,
http://vzatgqjjlebaxluc.onion/,Dream Market Login - Featured anonymous marketplace,Freshonions,
http://autozoucmxhofp72.onion/,Magic License Number Plates,Freshonions,
http://3kfhfygk2mon35p4.onion/,,Freshonions,
http://ecxl764rtlt5gewp.onion/,HACKED BY DARKCODE,Freshonions,
http://ji3cykgav4njzcyy.onion/,,Freshonions,
http://3n7,,,
website,status,Description,
http://ef4v3fnc75gc43rt.onion/,,Freshonions,
http://qm5i2fykc5g5e2yt.onion/,,Freshonions,
http://ikzeovolo7cuvg7z.onion/,Home - Picture Impressions,Freshonions,
http://jfznniyvqujt4v4s.onion/,,Freshonions,
http://ki3emfb55ywtg5tm.onion/,SecureDrop | Protecting Journalists and Sources,Freshonions,
http://psycofafk2qbmo4y.onion/,,Freshonions,
http://muslim7s2wytyaet.onion/,,Freshonions,
http://qqjekr4t5grc4d5j.onion/,Quist Intelligence Network,Freshonions,
http://qwaouuujjednp4q6.onion/,Rapture - Login,Freshonions,
http://szqgjabs7qpd4xb3.onion/,,Freshonions,
http://g3qofflzu6wtgwlt.onion/,N E O C R A C Y ▽ g3qofflzu6wtgwlt.onion,Freshonions,
http://fiq7kxmqgwixwcnu.onion/,403 Forbidden,Freshonions,
http://43p4dcckeewppnar.onion/,,Freshonions,
http://3whyfziey2vr4lyq.onion/,Data Keeper,Freshonions,
http://22abay37p4r76ron.onion/,Dream Market Login - Featured anonymous marketplace,Freshonions,
http://dmc6ulngohoxcugp.onion/,Empire Market,Freshonions,
http://hkuoowwca5o27gbo.onion/,How do you do,Freshonions,
http://fnpf67sknqfb5fiq.onion/,Hack Twitter and Instagram Accounts,Freshonions,
http://6r3g4swfpei7cx5c.onion/,,Freshonions,
http://jenw7xbd6tf7vfhp.onion/,Tails Debian package repository,Freshonions,
http://tubgirlbuyhi6frj.onion/,,Freshonions,
http://alexandrialp462g.onion/,The Peoples Library,Freshonions,
http://floweypstjkg7xlf.onion/,hastebin,Freshonions,
http://74sdxcql4d3ydp5i.onion/,,Freshonions,
http://hack46lg3t3hlt7x.onion/,,Freshonions,
http://otsrv2zh26yyishn.onion/,,Freshonions,
http://dogfucksqau4lh4f.onion/,,Freshonions,
http://gf53xb2mqe5t25tb.onion/,Site hosted by HostDanyyy hosting service | Free anonymous webhosting,Freshonions,
http://5fcdrnnrag6pdh6h.onion/,Hack Facebook Account,Freshonions,
http://eusvrexhz5nrwvjm.onion/,G23's Onion Homepage,Freshonions,
http://45g2jv6tl2gh5eth.onion/,,Freshonions,
http://usxmpjhhhl7cujqq.onion/,,Freshonions,
http://hs7pr6wdweo7th7f.onion/,,Freshonions,
http://6z32uqkhv4vkjirt.onion/,,Freshonions,
http://llt3noog3yrnmz3b.onion/,,Freshonions,
http://udqdisxislzeaqoe.onion/,,Freshonions,
http://csmqt5emoaywk36o.onion/,,Freshonions,
http://jxvr6fzapsuvk73o.onion/,Dark site Chat,Freshonions,
http://xut54y7wygy5bitf.onion/,独立都市国家　Darksky Torland,Freshonions,
http://hovin766pwan7ghg.onion/,Site hosted by Bloqueado141,Freshonions,
http://pvbdxnwiswbsnprw.onion/,Site hosted by HostDanyyy hosting service | Free anonymous webhosting,Freshonions,
http://gqhrqashv6iixoed.onion/,Site hosted by HostDanyyy hosting service | Free anonymous webhosting,Freshonions,
http://udexsqsjut7jiqjo.onion/,Site hosted by HostDanyyy hosting service | Free anonymous webhosting,Freshonions,
http://gdytcyn6cvn3zljj.onion/,Site hosted by HostDanyyy hosting service | Free anonymous webhosting,Freshonions,
http://luvvrnogytndpibc.onion/,Your mind is a lie.,Freshonions,
http://rcashon3uefqb4vj.onion/,Royal Cash – The Safest Money on the Darknet!,Freshonions,
http://qjdj2fqtipp3hws2.onion/,Hi test,Freshonions,
http://4kyzlcht5zq6ob72.onion/,,Freshonions,
http://invest3f4tmv6szy.onion/,,Freshonions,
http://shortiewpcwwotu5.onion/,,Freshonions,
http://vaultsawfz5awoet.onion/,,Freshonions,
http://g6t6vhx7sxa6o4oz.onion/,,Freshonions,
http://2m7l7ivlrtxae7op.onion/,Dream Market Login - Featured anonymous marketplace,Freshonions,
http://hkrd3fcptk2cpbrf.onion/,,Freshonions,
http://v6drsygmg5kil2et.onion/,403 Forbidden,Freshonions,
http://tnn7vlxrvbygexa6.onion/,Cyberia Café & Club,Freshonions,
http://p54pgzu7ophn2ffq.onion/,CRYPTO-ROIDS ANABOLIKA SHOP - | ANABOLIKA / STEROIDE / TESTOSTERON / WACHSTUMSHORMONE – MIT BITCOINS ONLINE BESTELLEN,Freshonions,
http://ebts75bnya3pyc2k.onion/,Site hosted by HostDanyyy hosting service | Free anonymous webhosting,Freshonions,
http://topprcwrj3yz3fvq.onion/,topprcwrj3yz3fvq.onion - List of Best Porn Sites Free Videos 2018,Freshonions,
http://r464pv4fj4qauzxo.onion/,Crypto World,Freshonions,
http://n3mx7vaq67fg7jfg.onion/,,Freshonions,
http://lnfh7yur75arx5ps.onion/,My Onion Site,Freshonions,
http://fsnsq37aj4fkknxl.onion/,Arfooo Directory PHP/MYSQL setup,Freshonions,
http://5p7axbhanffbuxzc.onion/,,Freshonions,
http://xbvwybtg67rsnwm4.onion/,DDL (Save Secure Secret),Freshonions,
http://ukgirlzlroscyfz5.onion/,404 Not Found,Freshonions,
http://qnm4cy7kpm55le6c.onion/,FAP,Freshonions,
http://oelle4z63rzhhlzv.onion/,,Freshonions,
http://mwrk4jxy7wfvrdyx.onion/,HorseHorseWeb's site,Freshonions,
http://5vvb4hixkejp5p47.onion/,HackWeb - Index page,Freshonions,
http://llgyjuhjbhqtu7pe.onion/,,Freshonions,
http://ou62mp4c4rvb2are.onion/,,Freshonions,
http://aylmhvx5ecfpcxly.onion/,Rapture - Login,Freshonions,
http://qhvqofwtqx7ddpzy.onion/,Index of /,Freshonions,
http://phrvotvvnoholcwu.onion/,Site hosted by HostDanyyy hosting service | Free anonymous webhosting,Freshonions,
http://tauruscuck4vrtjm.onion/,Taur | The Darknet Hub,Freshonions,
http://gi35chi2liqrfryj.onion/,Dream Market Login - Featured anonymous marketplace,Freshonions,
http://shiwawwlxohul7ui.onion/,Торговая площадка shiwawwlxohul7ui.onion,Freshonions,
http://2ym3tetjrinqn4sl.onion/,Index of /,Freshonions,
http://hzkvcycprfbwb6ze.onion/,Exposed By Sr.Bruno@Root,Freshonions,
http://ej4i5vjfxi2kqim4.onion/,100x Your Coins in 24 Hours - Officially Hidden Service Anonymous,Freshonions,
http://6ruqrxlgxk7py2zg.onion/,Site hosted by HostDanyyy hosting service | Free anonymous webhosting,Freshonions,
http://hulkshopmrfoufmo.onion/,,Freshonions,
http://2clm4mrp5c5npx62.onion/,2clm4mrp5c5npx62.onion,Freshonions,
http://zomih54tdhiitbfq.onion/,Site hosted by HostDanyyy hosting service | Free anonymous webhosting,Freshonions,
http://h4ve24syj4hhiegn.onion/,,Freshonions,
http://has7faivfqsmx6i7.onion/,OnionDrop,Freshonions,
http://dk6cwqoiuvgdhmmk.onion/,Site hosted by HostDanyyy hosting service | Free anonymous webhosting,Freshonions,
http://youngsdx6srf73ye.onion/,,Freshonions,
http://dg4tlienvr6zmksw.onion/,Homepage | Black Market,Freshonions,
http://if2vth5wop4vscp6.onion/,Site hosted by HostDanyyy hosting service | Free anonymous webhosting,Freshonions,
http://obmbkb5t6n5wohzb.onion/,,Freshonions,
http://wnvtpo3hk4aypssc.onion/,Dream Market Login - Featured anonymous marketplace,Freshonions,
http://wbfqhtxwziaiwurc.onion/,,Freshonions,
http://rsywomjwbszzvcjw.onion/,tr00,Freshonions,
http://2eh5yptvsok74pjn.onion/,,Freshonions,
http://sonic42agpex2dch.onion/,Sonic the Hedgehog!,Freshonions,
http://e4atihk4zbufga4i.onion/,バー向け 無料ホームページテンプレート tp_bar2,Freshonions,
http://mambabruwqz6ejqm.onion/,,Freshonions,
http://monitorx6edmancn.onion/,,Freshonions,
http://wxfbrnmtbtals7b4.onion/,A Small Hello,Freshonions,
http://3zxgqhnn2or3s6cl.onion/,Hacked By Slayerİ4,Freshonions,
http://5vgqst3ycwxswdqe.onion/,OnionCoin - First TOR-based crypto currency network,Freshonions,
http://pornir5rq3cbalab.onion/,,Freshonions,
http://cavetord6bosm3sl.onion/,Dark social network - Cave Tor,Freshonions,
http://linuxvnbifsdsjwq.onion/,,Freshonions,
http://gnc3widt5zmxo7je.onion/,,Freshonions,
http://che4weaqkgg5kmvj.onion/,KMLON personal blog,Freshonions,
http://cehvnesctfqb4epj.onion/,,Freshonions,
http://saagdk4g6nqwdxzp.onion/,Vodka Productions,Freshonions,
http://h6beilhwouohagoq.onion/,Site hosted by HostDanyyy hosting service | Free anonymous webhosting,Freshonions,
http://7dtn5ktn3m2wwbww.onion/,Site hosted by HostDanyyy hosting service | Free anonymous webhosting,Freshonions,
http://exkmhf6ghue2embo.onion/,,Freshonions,
http://ati3lillvldakz7o.onion/,,Freshonions,
http://lfoyb5buql4gjzv5.onion/,Site hosted by HostDanyyy hosting service | Free anonymous webhosting,Freshonions,
http://abwpua6po5blspug.onion/,Earn bitcoin from a professional trader,Freshonions,
http://3eyjm5hzxfzlt3z6.onion/,Site hosted by HostDanyyy hosting service | Free anonymous webhosting,Freshonions,
http://upgh3ela7nni63cw.onion/,,Freshonions,
http://2222222cqnwgpyyk.onion/,,Freshonions,
http://dreadecomdopooda.onion/,Dread will return shortly,Freshonions,
http://olptalkpybezjlhx.onion/,Olympus Talk,Freshonions,
http://goatadv44ft46mhr.onion/,,Freshonions,
http://47hvntbkewqcje7s.onion/,,Freshonions,
http://hfuvfxa4b632ifyw.onion/,InvGen.PW,Freshonions,
http://netflixustsenj4j.onion/,Hacked Netflix Accounts,Freshonions,
http://yloxsdsbeqn6cham.onion/,12kbps.xyz,Freshonions,
http://2eccjha5vq4wdgm4.onion/,Site hosted by HostDanyyy hosting service | Free anonymous webhosting,Freshonions,
http://26vcngdc3bfqkasx.onion/,Barbès Shop,Freshonions,
http://jga33ebiyiioq554.onion/,,Freshonions,
http://4x2resasf37d7r2o.onion/,,Freshonions,
http://ba7yltawnntxcepw.onion/,,Freshonions,
http://5mweopoxry6byofd.onion/,,Freshonions,
http://iejl3vavwupeftog.onion/,Index of /,Freshonions,
http://e7cwdcjpjg72m56e.onion/,Zion-Market,Freshonions,
http://tua6cthk75y6j4cb.onion/,Zion-Market,Freshonions,
http://i7u6fmkpqpsltw3u.onion/,secure login payment,Freshonions,
http://4htn2z3z4ezzlzhv.onion/,,Freshonions,
http://jpvcyim3hdgm5y2n.onion/,,Freshonions,
http://kahdl6qijffmgeuh.onion/,,Freshonions,
http://v4fpzpsq66s4ewm7.onion/,Red Room,Freshonions,
http://fs2basr4e7diowrm.onion/,,Freshonions,
http://cas55xybwxlmoosu.onion/,welcome to the dark side we have cookies,Freshonions,
http://5npib7btqwyhyruy.onion/,,Freshonions,
http://u4hp32ms2u6s4x7q.onion/,,Freshonions,
http://iedsbbyyxr3r65a2.onion/,,Freshonions,
http://su34pwhpcafeiztt.onion/,,Freshonions,
http://5ikvztf2n4ebvjfs.onion/,NBC çà arrive...,Freshonions,
http://nmva2hxzax6zycrj.onion/,,Freshonions,
http://j6hzavgbfkm7bzxq.onion/,||Criminal Lawer script|| Pro Noobs||,Freshonions,
http://6m3icxkb5dnhg6gr.onion/,,Freshonions,
http://2ia24bshagf5tlr3.onion/,,Freshonions,
http://atsmskfcl3qcwaap.onion/,,Freshonions,
http://fz3mg2yeufyij6wt.onion/,,Freshonions,
http://helpu4ddujxdpq4r.onion/,index.html,Freshonions,
http://izmdsv3uy52ba365.onion/,,Freshonions,
http://s64qth6a4qpqc3m6.onion/,,Freshonions,
http://2rbzu5tx5p5aukkz.onion/,,Freshonions,
http://bitcardsqucnyfv2.onion/,BITCARDS - THE MOST TRUSTED CREDIT CARDS STORE IN DARKNET.,Freshonions,
http://eji34opd7txodzjr.onion/,,Freshonions,
http://qid7qkulqud5zjo4.onion/,AIO Keygen,Freshonions,
http://selfdevhlgt2pc4w.onion/,selfDev,Freshonions,
http://yxcyjsukhg6qgnn2.onion/,,Freshonions,
http://xw6txhbjks5qbsm4.onion/,PHP File Upload From URL,Freshonions,
http://mem42ssd6yzs5bpc.onion/,,Freshonions,
http://u23aeyyopewbzvin.onion/,Facebook - Log In or Sign Up,Freshonions,
http://hydraruuamc75f2q.onion/,,Freshonions,
http://hl4eok5kj2bwr34x.onion/,Welcome to XAMPP,Freshonions,
http://sx5ksofveeqq6y2y.onion/,Site hosted by HostDanyyy hosting service | Free anonymous webhosting,Freshonions,
http://2hyjbvo5hglcbuvx.onion/,,Freshonions,
http://s2gao524xbyug6jp.onion/,Hacked By Illeg4lizm | Private Illegal Topluluk,Freshonions,
http://hydrarp2wgl6iwxq.onion/,HYDRA,Freshonions,
http://6fxvijygbi2odxwj.onion/,I am not a bot!,Freshonions,
http://darknt2vpswmwp5u.onion/,Dark Net,Freshonions,
http://nlogmnxlexp7chw6.onion/,Hacked By Illeg4lizm | Private Illegal Topluluk,Freshonions,
http://2v7ro6brbycxworw.onion/,Index of /,Freshonions,
http://galaxyw4yrh43caa.onion/,,Freshonions,
http://a35rqfdk3kmjxpl6.onion/,,Freshonions,
http://wsuh5mhgefk5tlgq.onion/,,Freshonions,
http://5d62nxhqhhvqefrl.onion/,Site hosted by HostDanyyy hosting service | Free anonymous webhosting,Freshonions,
http://2rhgl5qxmzkliiz4.onion/,Cutlet Maker – Just another WordPress site,Freshonions,
http://darkfailllnkf4vf.onion/,dark.fail: Which darknet sites are online?,Freshonions,
http://xgpmmh7b34urdvba.onion/,,Freshonions,
http://ljvuaccbgv6ogkvy.onion/,Index of /,Freshonions,
http://7kyeie3wjryrvwe5.onion/,,Freshonions,
http://w5wgfaxz4hhpsls2.onion/,,Freshonions,
http://xwomhftvrnef35t6.onion/,404 Not Found,Freshonions,
http://44mpwtep3laisgcv.onion/,,Freshonions,
http://society44nlbxqdz.onion/,Public timeline - society,Freshonions,
http://n7x2w7mpp3g2gyjz.onion/,,Freshonions,
http://wgmgd54epmetvr3k.onion/,,Freshonions,
http://luf3ceyrzqdrow7x.onion/,Hacked By Illeg4lizm | Private Illegal Topluluk,Freshonions,
http://dkhosweozgoqjxxh.onion/,,Freshonions,
http://cdmvawgdpzqiwxk5.onion/,D:\uploadedFiles\7962125644c7fa4790968f82e8a108c-b5da3284bf96cbe\p1bo9q6ok3p73b9ea6fne5dlg4.doc,Freshonions,
http://a2hktyhugtr7htvu.onion/,hogehoge,Freshonions,
http://nxybrmgl7wgjgwnn.onion/,,Freshonions,
http://kwtoq3knawyj324a.onion/,,Freshonions,
http://wezexvbizyccdi7y.onion/,403 Forbidden,Freshonions,
http://y2b7zqsgt243bwbb.onion/,403 Forbidden,Freshonions,
http://elevateeo6usyjlq.onion/,Elevate,Freshonions,
http://w726v5tl2tiz6eoy.onion/,,Freshonions,
http://bjkl2wzvhfja5i3w.onion/,dasnuf.de - Tiefenentspannt durch die Kinderjahre,Freshonions,
http://cc27ofdo7msh6xa7.onion/,Hacked By Slayerİ4,Freshonions,
http://4goettmaluifumax.onion/,,Freshonions,
http://v7m6ypbfohxbvkzo.onion/,,Freshonions,
http://odaydbpbcdkjznjh.onion/,,Freshonions,
http://nbch4x3cyorpx4fn.onion/,Cash Is King – The Original Crew!,Freshonions,
http://iq4exwd2bn3akjgn.onion/,DTMF,Freshonions,
http://escrow43znoskcgg.onion/,Bitcoin Escrow | your Digital Safe,Freshonions,
http://abode24szyylunfn.onion/,Abode Desires,Freshonions,
http://4buzlb32tqvd2h6y.onion/,,Freshonions,
http://bitcloak43sopdcj.onion/,BitCloak Bitcoin Mixer,Freshonions,
http://getbimx3cifjqpwx.onion/,,Freshonions,
http://yco6qnu3hdmwdg2h.onion/,,Freshonions,
http://uvtrlaysaehn66tp.onion/,,Freshonions,
http://dqcr7sch2kh4fncu.onion/,,Freshonions,
http://mrstat5e6loaqgjg.onion/,MarburgMapStats | We ❤️ Pokémon and Data,Freshonions,
http://u2fs4nf6my3r7dmv.onion/,Damn Awesome Site,Freshonions,
http://fnlreakzzyqw42nb.onion/,,Freshonions,
http://synthidevh3fvys5.onion/,404 Not Found,Freshonions,
http://g4eb3vctboop2v3o.onion/,502 Bad Gateway,Freshonions,
http://na7oxx5nydaxqbd4.onion/,Site hosted by HostDanyyy hosting service | Free anonymous webhosting,Freshonions,
http://omtsiodbtjrbylfl.onion/,,Freshonions,
http://localmonerogt7be.onion/,LocalMonero - The fastest and easiest way to buy and sell Monero,Freshonions,
http://havbfzvbvclp4lvj.onion/,Electronic Performers Home Page,Freshonions,
http://bitmixtrsdck5wzy.onion/,Bitmixcoin.io | High Volume Bitcoin Mixer,Freshonions,
http://3iah42aw64d63iiz.onion/,,Freshonions,
http://thn67c5shco5qh5n.onion/,Secret Place is under construction,Freshonions,
http://qsok6szpbw5gves4.onion/,Trannis Page,Freshonions,
http://lhsexjvc7ig2tdv2.onion/,Real Sex Stories – Just another WordPress site,Freshonions,
http://rrj7hg5nrpyrjtti.onion/,Pyromaniacs Cooking,Freshonions,
http://u25wzweyqcp7rec6.onion/,New SHOP – Automatic Purchases,Freshonions,
http://nalalmpjlhihja3f.onion/,,Freshonions,
http://babh52bfrzgephiy.onion/,,Freshonions,
http://6yvchdkfuypber73.onion/,Sample,Freshonions,
http://4vsagxzhvmf4suvc.onion/,Dream Market Login - Featured anonymous marketplace,Freshonions,
http://uqxc5rgqum7ihsey.onion/,Index of /,Freshonions,
http://g7uycbq7woda55uk.onion/,,Freshonions,
http://2222222vwem3bog5.onion/,100x Your Coins in 24 Hours - Officially Hidden Service Anonymous,Freshonions,
http://oomtdhwiknjzdz3z.onion/,,Freshonions,
http://wz2xckjz2crcjrqn.onion/,,Freshonions,
http://efc6pe26awvn7vuq.onion/,Hidden Aki – Necenzurované informační centrum překladů anime a mangy v internetovém podsvětí.,Freshonions,
http://jbwocj4f64dkfiwv.onion/,Japanese Darknet Community,Freshonions,
http://kuv5xkb3lqfqzmpl.onion/,,Freshonions,
http://ggzmc76dwcvykik4.onion/,,Freshonions,
http://dkhosxevhmegnwut.onion/,,Freshonions,
http://pogomr6vxxpemc35.onion/,,Freshonions,
http://y4bgxvgqljwnykkn.onion/,Site hosted by HostDanyyy hosting service | Free anonymous webhosting,Freshonions,
http://hydra3p6ztz6aso5.onion/,Вы не робот?,Freshonions,
http://267bjijlmqtstppt.onion/,,Freshonions,
http://qxw2paqsdueszhnl.onion/,,Freshonions,
http://uyrzdi2ccsn2tdy6.onion/,,Freshonions,
http://2jitl457cpukzamd.onion/,,Freshonions,
http://yiffpartyrn7kd5g.onion/,yiff.party,Freshonions,
http://bsxsptv76s6cjht7.onion/,GlobaLeaks,Freshonions,
http://i2xdmoiv6dbc7vyj.onion/,,Freshonions,
http://f5yciv2pakkrvnh5.onion/,,Freshonions,
http://3m4osnf3zxycpozx.onion/,403 Forbidden,Freshonions,
http://6ho2dyigywmtxngs.onion/,,Freshonions,
http://mailru2zxiq5rorc.onion/,,Freshonions,
http://qcq5bs5ulbkebeuv.onion/,Simple Dark Boards,Freshonions,
http://6octr72i7sdnipqy.onion/,Simple Dark Boards,Freshonions,
http://gw3xmeyiwuktprd3.onion/,LuckaosX,Freshonions,
http://ucpukphuuaqvpkn2.onion/,Hacked BY slayeri4&efeb3y,Freshonions,
http://nnrwujfxcqjriydu.onion/,1,Freshonions,
http://jzk5ilbqvisrtixi.onion/,Hacked BY slayeri4&efeb3y,Freshonions,
http://idbyxxjn4xm5jtst.onion/,Hacked By Slayerİ4,Freshonions,
http://b6fix3geoacfict5.onion/,Dreams,Freshonions,
http://6flaitr6mtm47yol.onion/,Hacked BY slayeri4,Freshonions,
http://4ovxx5xrnbplzsie.onion/,Hacked BY slayeri4&efeb3y,Freshonions,
http://xbxen6zursevpxet.onion/,Lazy sloth hacks – Just a bunch of lazy sloths that likes to share some ideas,Freshonions,
http://xpltl54rxavpn664.onion/,,Freshonions,
http://kcozmedu4zcgrbqh.onion/,,Freshonions,
http://xlpgl723vm6sbjgw.onion/,,Freshonions,
http://u5tkgqyygdz7wtph.onion/,Site hosted by HostDanyyy hosting service | Free anonymous webhosting,Freshonions,
http://bn6kma5cpxill4pe.onion/,How Can we help? | Tor Project | Support,Freshonions,
http://73gqv74u7hf674a3.onion/,,Freshonions,
http://6ym53btd7bqw6dh3.onion/,,Freshonions,
http://6goefbjkwhd4pqzm.onion/,403 Forbidden,Freshonions,
http://o3jz3eufhz5i7bzo.onion/,,Freshonions,
http://djigurdaf74uukn4.onion/,Multishop Beta v 1.0,Freshonions,
http://iesgbx3jbkurtpqg.onion/,,Freshonions,
http://7nmpjpwovgugkfnw.onion/,Dream Market Login - Featured anonymous marketplace,Freshonions,
http://qtatvjuiedaza2ov.onion/,Hack ps,Freshonions,
http://pic2torob7i7gtag.onion/,,Freshonions,
http://liberttuqoigwh6w.onion/,502 Bad Gateway,Freshonions,
http://darkroadwp4mbftl.onion/,,Freshonions,
http://r7zn7mojtf5qtnz7.onion/,Device management framework,Freshonions,
http://btcforuml2pcfkyx.onion/,,Freshonions,
http://hydra2akud3szkr6.onion/,Вы не робот?,Freshonions,
http://rfselcyqemtp3wgu.onion/,Thank you !!!,Freshonions,
http://hydraxzriuludod2.onion/,Вы не робот?,Freshonions,
http://tomritterbassljd.onion/,ritter.vg,Freshonions,
http://greyrallymarqk3t.onion/,,Freshonions,
http://4vqfgl6i2yjxkcax.onion/,Site hosted by HostDanyyy hosting service | Free anonymous webhosting,Freshonions,
http://kzda2greas4thbbp.onion/,Dream Market Login - Featured anonymous marketplace,Freshonions,
http://ysxhc5jcfzvwwasx.onion/,,Freshonions,
http://h3okbwgvdt2txre3.onion/,Site hosted by HostDanyyy hosting service | Free anonymous webhosting,Freshonions,
http://zyhljpm635qgy7wj.onion/,Dream Market Login - Featured anonymous marketplace,Freshonions,
http://mepsoo7dhu3ylzd4.onion/,welcome to myOnionServ,Freshonions,
http://222227qyeb7kxxl7.onion/,,Freshonions,
http://3g4ylqdm3toekptd.onion/,,Freshonions,
http://5n7y4yihirccftc5.onion/,,Freshonions,
http://3iuveipt3asqc6gw.onion/,,Freshonions,
http://gerkipwhfuqeeizl.onion/,Gerki - Хакерский форум / Кардинг Форум / Рынок / Схемы заработка,Freshonions,
http://yuu5mtk2l6pgixgd.onion/,Site hosted by HostDanyyy hosting service | Free anonymous webhosting,Freshonions,
http://b3t2flv6onjzuoch.onion/,Intellectual Dark Web,Freshonions,
http://tictacdhaeqant3l.onion/,"Game Tic-Tac-Toe, play for the Larvae of Red and Yellow",Freshonions,
http://sgpsbq5hd3pxwl7m.onion/,,Freshonions,
http://multbtcwn4osfd6w.onion/,100x Your Coins in 24 Hours - Officially Hidden Service Anonymous,Freshonions,
http://arkconholqsssre7.onion/,Войти :: АРКОН,Freshonions,
http://wf3ewo5dpnjezuhz.onion/,,Freshonions,
http://zpql7eukumlvuuye.onion/,Site under construction,Freshonions,
http://lyx6ij5bhmkggi37.onion/,,Freshonions,
http://weov57rwcgmhr3wh.onion/,,Freshonions,
http://crossncosseld3s6.onion/,恒心教サイバー部,Freshonions,
http://s5pd24py2zcqrtw6.onion/,phpinfo(),Freshonions,
http://q75s4kxe7fgajvnr.onion/,GTA V PC Mods,Freshonions,
http://brbloow57iqz4uuy.onion/,,Freshonions,
http://a34b4bdnz3wlblvb.onion/,Secret sleepy,Freshonions,
http://76tgo5rnlqveaomz.onion/,403 Forbidden,Freshonions,
http://hfdovwopvr4opayz.onion/,,Freshonions,
http://2teadv2yac3for7l.onion/,DarkHour – Just another WordPress site,Freshonions,
http://giyzk7o6dcunb2ry.onion/,secMail,Freshonions,
http://usa2txlaq4dl4bh7.onion/,,Freshonions,
http://35m64vdolpx24pif.onion/,Dream Market Login - Featured anonymous marketplace,Freshonions,
http://mxhvwwjofk6wut46.onion/,,Freshonions,
http://wvye5cbuududnafm.onion/,,Freshonions,
http://6uah5tdnfwxh77jm.onion/,,Freshonions,
http://peiqbaxyvq56lucq.onion/,,Freshonions,
http://4ujzpcnwvp37pevz.onion/,Dream Market Login - Featured anonymous marketplace,Freshonions,
http://grur64fs4eyttgsi.onion/,,Freshonions,
http://5xxvzdxzsgycyc6v.onion/,,Freshonions,
http://f22glwrndpxkacwp.onion/,,Freshonions,
http://oolnkby5qhf6nj3o.onion/,,Freshonions,
http://hzgsbihzmk5lskgb.onion/,Site hosted by HostDanyyy hosting service | Free anonymous webhosting,Freshonions,
http://smwujocfmv7q7mq4.onion/,,Freshonions,
http://pwrlzq6wijpxlvq6.onion/,,Freshonions,
http://oao75oxtg4p7nbon.onion/,,Freshonions,
http://7b6l22nj5pvdpscs.onion/,Document,Freshonions,
http://5hpxq3t2xe57cl3t.onion/,Welcome To Deep Web | Coming Soon,Freshonions,
http://statv2gccyh7roto.onion/,UnderMarket #StatusPage,Freshonions,
http://d5b7er7mozxf5erw.onion/,EURODISTRICT NEWS NETWORK,Freshonions,
http://lnkfzecnslxo6jqc.onion/,Rapture - Login,Freshonions,
http://qfpy5uzi2kwtctcy.onion/,,Freshonions,
http://yuc6s7qghvnx4uk4.onion/,This is My Dark Website,Freshonions,
http://wfs3mpch63m7y3gh.onion/,Zetsystech,Freshonions,
http://irbmewcktbz72fek.onion/,Indian Real Black Magic King – Just another WordPress site,Freshonions,
http://btctxivxusngb7ub.onion/,,Freshonions,
http://archive7bgastbl4.onion/,Archive7,Freshonions,
http://uddofq2xrss7ybcx.onion/,,Freshonions,
http://mn4xc37ubvydz7f2.onion/,آراء حرة - قائمة المنتديات,Freshonions,
http://fx3z257ruh2dmq2h.onion/,Optimus Prime Team,Freshonions,
http://bqpy5dr6xzmz66xa.onion/,Critical Hacker Squad 2.0,Freshonions,
http://25ois7lg36mtj4hf.onion/,Site hosted by HostDanyyy hosting service | Free anonymous webhosting,Freshonions,
http://pjaopjqvjk6be4wz.onion/,Dream Market Login - Featured anonymous marketplace,Freshonions,
http://snjljmcxxtlyqitp.onion/,fuwafuwa.moe,Freshonions,
http://w6cgz4ordyg4wjqw.onion/,,Freshonions,
http://empiremktxgjovhm.onion/,Empire Market,Freshonions,
http://ajcfrfk7yrp2fejc.onion/,,Freshonions,
http://sexgua36y55x2ttf.onion/,,Freshonions,
http://salqe2svsjqqgu7b.onion/,,Freshonions,
http://coinmixvu3cgj7dg.onion/,,Freshonions,
http://3ssqtn7ooun6ylf4.onion/,,Freshonions,
http://kc5uqjh6rls5qoiu.onion/,,Freshonions,
http://empforumgfttfqnq.onion/,Empire Market Forums,Freshonions,
http://76iccylcenvh6mwg.onion/,,Freshonions,
http://kfk5hcjhhs3kxi5c.onion/,,Freshonions,
http://svanhg26k5jggjr5.onion/,,Freshonions,
http://xpel7ryu6zlumv4c.onion/,,Freshonions,
http://omfik3zs2xmynmyo.onion/,,Freshonions,
http://l5aff7rv3kvgcuyx.onion/,,Freshonions,
http://ssjonwzydmyp3hob.onion/,Site hosted by HostDanyyy hosting service | Free anonymous webhosting,Freshonions,
http://b2ejley5jkjmfhvy.onion/,,Freshonions,
http://gdjav2t4mjsz5ddq.onion/,Site hosted by HostDanyyy hosting service | Free anonymous webhosting,Freshonions,
http://iamjessehrenuill.onion/,I am Jesse,Freshonions,
http://lonelyim2pg6q2de.onion/,I'm Lonely,Freshonions,
http://fh2i7apmgx2giip3.onion/,-------,Freshonions,
http://is56pe5dmzgnfdpk.onion/,Saita ,) – Just another WordPress site,Freshonions
http://ka4gtuuzxg53wkye.onion/,,Freshonions,
http://libertutsxjdihuk.onion/,502 Bad Gateway,Freshonions,
http://owh7hgcqtejtdqtx.onion/,,Freshonions,
http://teste6pirnpifecj.onion/,,Freshonions,
http://demoasiuqota5dzo.onion/,DemoMarket - Accueil,Freshonions,
http://gs6a56ytofsiqlyb.onion/,,Freshonions,
http://ggwkibp6rqelr43c.onion/,,Freshonions,
http://kqzt6spjxxpm5442.onion/,,Freshonions,
http://darktorch5lgddvm.onion/,Home,Freshonions,
http://7pvpii34syrde6s4.onion/,Index of /,Freshonions,
http://3asufnydqmup533h.onion/,,Freshonions,
http://pacmanzbkpvzeppt.onion/,,Freshonions,
http://youtubevtvrbda6j.onion/,,Freshonions,
http://meowmmucpvdlbavp.onion/,,Freshonions,
http://ruffmm4buygzmrh4.onion/,,Freshonions,
http://onstarctkipbndwr.onion/,,Freshonions,
http://vostokxhbarapqxb.onion/,,Freshonions,
http://vinnydxedktxqqpd.onion/,,Freshonions,
http://magnit3umzfoxezz.onion/,,Freshonions,
http://tw4cqzcon7l47pgd.onion/,,Freshonions,
http://futbolrbmsp6dgze.onion/,Futbol en vivo HD,Freshonions,
http://4r7utra6sdzvyn2j.onion/,Moved,Freshonions,
http://rigmfaifxnt6qt5p.onion/,Olympus,Freshonions,
http://fjl4hb5fmkpyfhjh.onion/,Deepest and darkest secrets | Confessions,Freshonions,
http://darkweba6le5w52w.onion/,,Freshonions,
http://gsxaauukjo4joy6p.onion/,21st Century Man,Freshonions,
http://tufzoasdurv4iacf.onion/,,Freshonions,
http://or3r3zshgu7lt7nc.onion/,:: Onion ::,Freshonions,
http://4mtu5plubfkn7lkj.onion/,,Freshonions,
http://yyz2mgcneahhok2k.onion/,0,Freshonions,
http://torcloudskogze6p.onion/,,Freshonions,
http://7hib6q3n6iv5gy66.onion/,,Freshonions,
http://w2jxsbvq6zcsxa5y.onion/,The Bitcoin King,Freshonions,
http://izjxhisl32ui42va.onion/,Helper Tools,Freshonions,
http://m4jqvrugdbhieaaj.onion/,,Freshonions,
http://wc4ghf2hgh3wzwax.onion/,,Freshonions,
http://4sjd6hwtxbwtbpip.onion/,FEAR NOT,Freshonions,
http://radiocbsde2ubzud.onion/,,Freshonions,
http://azu3spdp7l67bmbo.onion/,BITCARDS - THE MOST TRUSTED CREDIT CARDS STORE IN DARKNET.,Freshonions,
http://pbhgmiwgxlg5ow43.onion/,PEDOFILO,Freshonions,
http://bcgfd55ji2ou7co7.onion/,,Freshonions,
http://oo6wjysohjnwzu6w.onion/,,Freshonions,
http://mqt2qsoq3trshos6.onion/,403 Forbidden,Freshonions,
http://mvlcstpzcqpirmhb.onion/,website,Freshonions,
http://rpsm2n54m7tp2kw3.onion/,KANG,Freshonions,
http://2mr62pjuofuel5wp.onion/,,Freshonions,
http://hydrarureawgijpc.onion/,,Freshonions,
http://exhjtuety6ml5u54.onion/,Dream Market Login - Featured anonymous marketplace,Freshonions,
http://3hirerucpphabhe6.onion/,***ADMIN***,Freshonions,
http://44epcuancagiwjtl.onion/,Dream Market Login - Featured anonymous marketplace,Freshonions,
http://vmahsrdmw6tlwpha.onion/,,Freshonions,
http://h7awiemx553kn5fz.onion/,,Freshonions,
http://xodijruknc2fcsyj.onion/,New System Disorder,Freshonions,
http://im75sshwiextrroy.onion/,403 Forbidden,Freshonions,
http://appley23vlvcsyhf.onion/,,Freshonions,
http://bitblendpmtol6mu.onion/,,Freshonions,
http://3n74bnmavriaydtv.onion/,website,Freshonions,
http://r72kzw55evvfi6cp.onion/,Dream Market Login - Featured anonymous marketplace,Freshonions,
http://hackhelpnylin6d4.onion/,HACK-HELP,Freshonions,
http://bylclklpfh5bmxuv.onion/,HELLHOUND STUDIOS Rehearsal Audio Recording Rahway NJ,Freshonions,
http://osf22p3lmweopgho.onion/,,Freshonions,
http://sportbookv3uxhaj.onion/,AccountService,Freshonions,
http://wt6z5nldl2adr4cv.onion/,,Freshonions,
http://sfnaznrgc4fbx5qk.onion/,Site hosted by HostDanyyy hosting service | Free anonymous webhosting,Freshonions,
http://cp4soaathkawi3xx.onion/,balutor,Freshonions,
http://roothitpesjylrta.onion/,,Freshonions,
http://cnjxgvyb3qc2yug2.onion/,,Freshonions,
http://penguin6g5p22b2r.onion/,PenguinMixer - an Open Source Bitcoin Mixer,Freshonions,
http://hydra73jwjikvxij.onion/,Вы не робот?,Freshonions,
http://jqxx5idmwnybxjcg.onion/,,Freshonions,
http://gnqk5z64rcrexxy5.onion/,,Freshonions,
http://u3iqu2r2h6couzlp.onion/,Index of /,Freshonions,
http://vm7si5xdchrzjxuf.onion/,AznVirub420,Freshonions,
http://5zhriymptgzdrzc3.onion/,,Freshonions,
http://s7sjzjrv3n6onsdt.onion/,,Freshonions,
http://snsx4z2p6zenz5dy.onion/,,Freshonions,
http://ts5egqaavaipl2bn.onion/,site under maintenance,Freshonions,
http://r5dsfviasd23yrbf.onion/,,Freshonions,
http://kmxsm7hvgdsixhvm.onion/,Top 10 Dogs,Freshonions,
http://merzkykk5yy3szta.onion/,,Freshonions,
http://sfdtr2htyvmeakgj.onion/,para,Freshonions,
http://apun37gyawqrm4mw.onion/,Index of /,Freshonions,
http://gchaa3efj66uz2jq.onion/,Index of /,Freshonions,
http://6gv4e77ke4boq5y7.onion/,,Freshonions,
http://exitmsktiwgofri6.onion/,,Freshonions,
http://acgf3tsxehq5bvrv.onion/,,Freshonions,
http://evilgitooxspzlnc.onion/,,Freshonions,
http://ni64vyppvjiunfih.onion/,403 Forbidden,Freshonions,
http://sy5mlmii44h7tqto.onion/,,Freshonions,
http://mgwffchgx4s5iecw.onion/,,Freshonions,
http://hgb3gible5fp6ov7.onion/,,Freshonions,
http://7lqsfufkztvfch4z.onion/,WIP Site,Freshonions,
http://ei44b5tfy2y6deus.onion/,403 Forbidden,Freshonions,
http://lku6kphtzar7cwtr.onion/,,Freshonions,
http://2libernld63yicxt.onion/,502 Bad Gateway,Freshonions,
http://vigreyjqgxsindfz.onion/,,Freshonions,
http://d6ciaso5j7sumwqv.onion/,Home,Freshonions,
http://ebknxgqinv7jdgvf.onion/,,Freshonions,
http://drbundy3d3geidi2.onion/,Dr.Bundys Secure FileDrop,Freshonions,
http://vadiknvtohdvevxq.onion/,,Freshonions,
http://royal2qu2ndqdaam.onion/,,Freshonions,
http://performmuah7a4nd.onion/,,Freshonions,
http://amstuff5hopwqcar.onion/,,Freshonions,
http://led5mnogoccdimg4.onion/,Login | led5mnogoccdimg4.onion,Freshonions,
http://xle6xsnnvtrcil3u.onion/,,Freshonions,
http://xhachelpsccwt3vs.onion/,,Freshonions,
http://uukkq5ucakhvvybn.onion/,Welcome to Mephiles' ASP.NET Application!,Freshonions,
http://matchfixua6zni5g.onion/,MATCHES FIXING,Freshonions,
http://rnxlwma3luzd25mb.onion/,,Freshonions,
http://ghdmoii2dybbsyt4.onion/,앜싵맄 Website,Freshonions,
http://x6mp5bx3q6vpf2jm.onion/,Hidden Service,Freshonions,
http://ga5u3k4thcqyymwk.onion/,,Freshonions,
http://zmzws5m2weqjlf36.onion/,,Freshonions,
http://lbvoy26kenuhaksb.onion/,,Freshonions,
http://h7c3komb2dt3xyez.onion/,403 Forbidden,Freshonions,
http://uylplzd6d7rapglf.onion/,,Freshonions,
http://og6yfgypnzfevboq.onion/,,Freshonions,
http://xgmjuihkrbq2bdhh.onion/,,Freshonions,
http://fgu7b6eyjb4hshiu.onion/,404 Not Found,Freshonions,
http://tortext3iin7flbf.onion/,,Freshonions,
http://zk3dfwep5ysvylnf.onion/,Home - Craftklinik,Freshonions,
http://xkyzlfm2qdwmuwtv.onion/,C a c c i a__a l l o__s b i r r o !,Freshonions,
http://olymororsjxqmrxl.onion/,Olympus,Freshonions,
http://twhbk2gsu7jmggcn.onion/,,Freshonions,
http://3kzdlricmceo5ras.onion/,deluxe foundation,Freshonions,
http://ahy6cwab6nielxae.onion/,,Freshonions,
http://wxanonehqgr7njvh.onion/,Hidden Service (inofficial CCC Homepage),Freshonions,
http://ae3d2atnqpfgzern.onion/,,Freshonions,
http://uxo3udbnwtxkxhqx.onion/,Dark Devil,Freshonions,
http://lvh4olxokzaxsbhu.onion/,Error - PunBB,Freshonions,
http://e2r67xdfe4kpf4la.onion/,,Freshonions,
http://z34lstslhxcyyxee.onion/,,Freshonions,
http://zciahaco6fo23qrd.onion/,,Freshonions,
http://plkbnut3earqoehn.onion/,,Freshonions,
http://kyea7fvrzrrllqrj.onion/,,Freshonions,
http://2xvpdzzd5xjrpyzw.onion/,,Freshonions,
http://z5s7pqorburz6lbc.onion/,Index of /,Freshonions,
http://lr26mtikxspwljvk.onion/,MrFussy's Home on The Darkweb,Freshonions,
http://mxbimxek7ie2arbi.onion/,,Freshonions,
http://nhc2avmmhcn635bv.onion/,Anony007 Hidden Website,Freshonions,
http://7yojx4hzslr2jnsd.onion/,Files,Freshonions,
http://eh2qh44q3x3e5sb4.onion/,,Freshonions,
http://ggwty34jwuoweopt.onion/,Vanguard,Freshonions,
http://4hfbrszmegv6xbsr.onion/,,Freshonions,
http://33u77vngmfznb5hr.onion/,,Freshonions,
http://3cepo2p75zcaii3k.onion/,,Freshonions,
http://zns6l76ibrylb7px.onion/,,Freshonions,
http://y3ocg7ufidf7sdz5.onion/,,Freshonions,
http://zmqcsda5ifqz635r.onion/,F-I-S-A,Freshonions,
http://e6owmjl2gvqqhtlf.onion/,cryptocurrency private keys,Freshonions,
http://222222224gidecov.onion/,OFFICIAL BITCOIN x200 SERVICE - ®2018,Freshonions,
http://rvypypxthlzvhktf.onion/,,Freshonions,
http://megammgm74mema7a.onion/,,Freshonions,
http://serpentfeli2knox.onion/,Serpent Market,Freshonions,
http://yikmgrfghswpxyl4.onion/,,Freshonions,
http://r4lur6ko5g3bt26m.onion/,,Freshonions,
http://6bkmaor5tvd7nz55.onion/,,Freshonions,
http://m43clkf4noxgd72i.onion/,,Freshonions,
http://64t5z3uwhvwkxrzx.onion/,,Freshonions,
http://5zj65jaoa2qwppcq.onion/,,Freshonions,
http://dbahy24f55hxctsh.onion/,,Freshonions,
http://ci4zvymfl6734f25.onion/,,Freshonions,
http://bwgq7e3mqf4a7kmq.onion/,,Freshonions,
http://2llanljce6d2ac5h.onion/,,Freshonions,
http://hdgsgqkber6zke37.onion/,,Freshonions,
http://f2ymyvukokresitz.onion/,FBI,Freshonions,
http://nymypfq77t2gpuep.onion/,,Freshonions,
http://lfwvfcnxkyp2t3aj.onion/,Front Line Defenders |,Freshonions,
http://sex2u7voveixmtef.onion/,,Freshonions,
http://74czae4fmda66zjv.onion/,,Freshonions,
http://abixrodu37ytqdle.onion/,Hacked By Slayerİ4,Freshonions,
http://6znm5xsyg3iubgvt.onion/,,Freshonions,
http://jk2vmarrwax663wm.onion/,,Freshonions,
http://hz3vuafqj7ejrosi.onion/,Hacked By Slayerİ4,Freshonions,
http://jrkadunei2trhyb4.onion/,Hacked By Slayerİ4,Freshonions,
http://bf7k7vgdi73oe2um.onion/,DANCING MONKEY!,Freshonions,
http://2mg5me24vkcmw4gz.onion/,,Freshonions,
http://ejfdw4pl5rmoru5l.onion/,,Freshonions,
http://ldkr3nn2g6eb7527.onion/,,Freshonions,
http://yzmbyxhxhyywnzru.onion/,,Freshonions,
http://u7e7mnogoccvcdod.onion/,Login | u7e7mnogoccvcdod.onion,Freshonions,
http://uw65ojexe4dnttn3.onion/,,Freshonions,
http://aggqjkfswyjt6rk6.onion/,,Freshonions,
http://l3pggxld2e7xl74h.onion/,404 Not Found,Freshonions,
http://naa57ezzq2dtv3ke.onion/,,Freshonions,
http://t3aj77pw7cv7fmuw.onion/,,Freshonions,
http://44uqfbkm4ugxfivs.onion/,,Freshonions,
http://3glt32zrequdwerh.onion/,,Freshonions,
http://ekzbedapnenkvbhy.onion/,,Freshonions,
http://6wmji5lq5baz6sn4.onion/,404 Not Found,Freshonions,
http://ohoovzo3kiyoc5iv.onion/,,Freshonions,
http://5ogrb4cfpx26wc3o.onion/,Heyy Aprill,Freshonions,
http://foufqwzuueda3zko.onion/,,Freshonions,
http://4fokekatsmwulhzp.onion/,"PEDORO - Fast, Save and Secure image hosting",Freshonions,
http://d6shqne6assiolif.onion/,,Freshonions,
http://pic2tor2py5f32ux.onion/,,Freshonions,
http://gdcbghvjyqy7jclk.onion/,,Freshonions,
http://kebytxcvxe4ivplz.onion/,Inicio | Soluciones Marva,Freshonions,
http://gunshopx5o5naazw.onion/,,Freshonions,
http://srctwawwc5jgpxta.onion/,SRCT,Freshonions,
http://udlrrmgvsbdlosjn.onion/,,Freshonions,
http://l7rwdufb43o2vs2r.onion/,,Freshonions,
http://bstlv66ayvdxuodp.onion/,,Freshonions,
http://232yu7wsudwkm2dz.onion/,Kayser And Berry,Freshonions,
http://lbehqjgv5ziath5p.onion/,403 Forbidden,Freshonions,
http://ea5ledvxmplkqhwd.onion/,"PEDORO - Fast, Save and Secure image hosting",Freshonions,
http://f32nqubw3e6l34zt.onion/,TV-Sendung 4 free,Freshonions,
http://oscqlqnsshpjpqkg.onion/,SOPHIA 2001,Freshonions,
http://atwkzb3ky2nt47an.onion/,,Freshonions,
http://pms4jpp6noy6azmw.onion/,pms4jpp6noy6azmw.onion,Freshonions,
http://nhib6c4meiaq3blk.onion/,Dream Market Login - Featured anonymous marketplace,Freshonions,
http://shop33x66asjehl4.onion/,INSTANT CARD REPLENISHMENT,Freshonions,
http://ttmhmonlbmuloxtm.onion/,Invisible Web,Freshonions,
http://lobzxzv7haesuemh.onion/,,Freshonions,
http://xrfspct6bs7i5wse.onion/,#Doxter,Freshonions,
http://q2up2jdsbz4h6kwl.onion/,,Freshonions,
http://banabd7v32cx4q7c.onion/,,Freshonions,
http://sqnkahttexvj6slx.onion/,,Freshonions,
http://fdwncoz4ht6qwfdj.onion/,,Freshonions,
http://u6pjx3lpx5af5cao.onion/,4v8 BTCスロット - (テスト),Freshonions,
http://4f7o5ms5houozahr.onion/,Voices,Freshonions,
http://bncpfyctelnetcbf.onion/,,Freshonions,
http://w55k7fker3zp2onc.onion/,,Freshonions,
http://k6h5cwmaidpeutza.onion/,La NASA nos engaña,Freshonions,
http://xytjqcznbsmi27hz.onion/,Dream Market Login - Featured anonymous marketplace,Freshonions,
http://igyifrpoit53xcgp.onion/,Dream Market Login - Featured anonymous marketplace,Freshonions,
http://bkjcpalbvhsu63pe.onion/,Dream Market Login - Featured anonymous marketplace,Freshonions,
http://t3e6lytfwvysmzrt.onion/,Dream Market Login - Featured anonymous marketplace,Freshonions,
http://jd6yhubkcxrpiqhv.onion/,Dream Market Login - Featured anonymous marketplace,Freshonions,
http://tzgdjj6x6qtrqsso.onion/,,Freshonions,
http://2aqdku4l6il2yo4f.onion/,Escrow Service that you can trust,Freshonions,
http://megammbuad6qo3ac.onion/,,Freshonions,
http://jj6fxj775g4jnihd.onion/,Hack|ANONYMOUS,Freshonions,
http://iepmo53iqjyt4lcj.onion/,,Freshonions,
http://73bena54xistnpqu.onion/,,Freshonions,
http://46hith2gvroqqvc3.onion/,hui,Freshonions,
http://oqlsxjhyihm3cqus.onion/,,Freshonions,
http://2fxn4u4dptfuiadk.onion/,D:\uploadedFiles\7962125644c7fa4790968f82e8a108c-b5da3284bf96cbe\p1bo9q6ok3p73b9ea6fne5dlg4.doc,Freshonions,
http://azn42unhgoej2dpi.onion/,,Freshonions,
http://euf6gpyy67gsitjo.onion/,,Freshonions,
http://sjihyd2g5sonw2ov.onion/,,Freshonions,
http://5y4vpmcujnw5ekjb.onion/,,Freshonions,
http://aaivjpy2pegdstwn.onion/,,Freshonions,
http://underloopwhcyewa.onion/,Tales from the Inner Loop,Freshonions,
http://m3ccxdndkunffup6.onion/,KÃ¼chenstudio | New Radio,Freshonions,
http://woxmzvgvqtvjzb7r.onion/,Connect - ChatFreedom Web IRC,Freshonions,
http://valids4pspr7pzss.onion/,United Club,Freshonions,
http://luub2hlr6bw27prg.onion/,,Freshonions,
http://xtcpromoiycayxhd.onion/,XTC Market,Freshonions,
http://powvbvrhfxd6njrc.onion/,403 Forbidden,Freshonions,
http://validhfngybdk7vt.onion/,United Club,Freshonions,
http://wajxbyp3mtvkoejx.onion/,,Freshonions,
http://3asjpvx7zco5nwhe.onion/,Yee,Freshonions,
http://olymur4kqasdgdht.onion/,Olympus,Freshonions,
http://prfyedbo2qqmngae.onion/,,Freshonions,
http://3naap2ovcab4rnhj.onion/,대한약국 – 정신건강의약품,Freshonions,
http://bestshopuwk5xzfe.onion/,Legends' Best Shop - We are Anonymous - Creditcards - WU - and more!,Freshonions,
http://xke7mh3qjekqccqq.onion/,Index of /,Freshonions,
http://2gwobcrprhyu4r4v.onion/,,Freshonions,
http://rvf4uyxb6uasxrkn.onion/,,Freshonions,
http://dyejhqeo2i4du4lr.onion/,Olympus,Freshonions,
http://v2gaming27uqjeqb.onion/,V2 • A new Black Ops experience.,Freshonions,
http://tlmjvu4oeu3tqoe2.onion/,way to whistleblow,Freshonions,
http://bonnyz6lo6tyoekg.onion/,,Freshonions,
http://76kvvggxy7ykawhj.onion/,,Freshonions,
http://vupr3ft6dgfgwkdp.onion/,netzguerilla ➔ digital collective & data lodging,Freshonions,
http://y53k3yhie4prsiq5.onion/,,Freshonions,
http://4pkexszsxj7utcov.onion/,,Freshonions,
http://wallst2qs75qkzzn.onion/,Wallstreet Market,Freshonions,
http://wallst6gyljfu4rk.onion/,Wallstreet Market,Freshonions,
http://wallst7xs4tepmvb.onion/,Wallstreet Market,Freshonions,
http://wallst52pxrtzwch.onion/,Wallstreet Market,Freshonions,
http://x7ce2qfdxicrdepy.onion/,Dead Chat,Freshonions,
http://q72u2tu3dphufqm3.onion/,Candid a Photo Gallery Category Flat Bootstrap Responsive Website| Home :: w3layouts,Freshonions,
http://papervl666b5mq63.onion/,Главная,Freshonions,
http://adiqkat5k5p5y42y.onion/,,Freshonions,
http://ktpm2wac274hinic.onion/,Index of /,Freshonions,
http://webacytra6znyf4t.onion/,Order custom .onion website today. Special Offer!,Freshonions,
http://webacy4kdg2tltch.onion/,Order custom .onion website today. Special Offer!,Freshonions,
http://count2lclhhckg6w.onion/,Counterfeit Factory,Freshonions,
http://a4ic7n6zzrntlak7.onion/,,Freshonions,
http://22222222bfneiznf.onion/,100x Your Coins in 24 Hours - Officially Hidden Service Anonymous,Freshonions,
http://icloud2t6jx3xrb4.onion/,,Freshonions,
http://bgf3bdxjm35ae3zj.onion/,,Freshonions,
http://suxnpxdh3jeih2da.onion/,"PEDORO - Fast, Save and Secure image hosting",Freshonions,
http://snp56pweqfsyq27b.onion/,,Freshonions,
http://whw44onfpnrp2o2s.onion/,,Freshonions,
http://4lit2uj6e52nkggd.onion/,Eichhörnes Block,Freshonions,
http://7z24xvusrfyrvjfm.onion/,Onion Link List - Add Your Own Onions Instantly With Online Test,Freshonions,
http://4nlmf2pam5r5eexf.onion/,Donald Trump is a Bad Person,Freshonions,
http://olymm2ravxnnf2hm.onion/,Olympus,Freshonions,
http://vendp3ixxr7tzixf.onion/,,Freshonions,
http://pzagjfeoek2gyksj.onion/,??????????,Freshonions,
http://jcmi5n4c3mvgtyt5.onion/,,Freshonions,
http://5mlfrxdood6ylfzv.onion/,,Freshonions,
http://bv4j367ar6nhdzxy.onion/,,Freshonions,
http://p3pnf76vogjmy7sn.onion/,,Freshonions,
http://5pccljxpg6lfxgw3.onion/,,Freshonions,
http://hdti5iyr32r6yb2c.onion/,,Freshonions,
http://paaexwwiqyztsk5m.onion/,,Freshonions,
http://de2zye45puwkwwql.onion/,,Freshonions,
http://gqkslzbgdg57nrbh.onion/,,Freshonions,
http://rqrxcdp37lqih575.onion/,,Freshonions,
http://queenkxfax3izzer.onion/,â™›,Freshonions,
http://ittj5gzacv43i7xj.onion/,,Freshonions,
http://k3pd24xhmbtxj5u4.onion/,Dream Market Login - Featured anonymous marketplace,Freshonions,
http://ufspqo4hkiahrzal.onion/,,Freshonions,
http://gwhyt4qumkaae4i4.onion/,Sasha is sad - please help Sasha and donate!,Freshonions,
http://hn3froa7c66pqzcn.onion/,,Freshonions,
http://ofpx4ieiqpqrt5zq.onion/,Lanaaaaaaaa,Freshonions,
http://zjssnkwea4obch4f.onion/,,Freshonions,
http://bloody2ihbesfbti.onion/,The RedRoom,Freshonions,
http://6qlocfu55mubra3h.onion/,Dream Market Login - Featured anonymous marketplace,Freshonions,
http://22222222kg675r2p.onion/,100x Your Coins in 24 Hours - Officially Hidden Service Anonymous,Freshonions,
http://teenaj35t6xdrwzg.onion/,,Freshonions,
http://hzouuuxvyh7nad4c.onion/,,Freshonions,
http://hownemzgeilcyst2.onion/,,Freshonions,
http://magazinyoqqcle2c.onion/,,Freshonions,
http://theflowdgcwknw37.onion/,,Freshonions,
http://wobla474wanp3kpi.onion/,,Freshonions,
http://madmanbow6oqj6q3.onion/,,Freshonions,
http://elcubaxt3pg2hwh6.onion/,,Freshonions,
http://costello5e7c5c3n.onion/,,Freshonions,
http://ntshop3qqppnbo4l.onion/,,Freshonions,
http://stuffhzvnzrdtqpq.onion/,,Freshonions,
http://zakladki4kyazp27.onion/,,Freshonions,
http://hezzzzrhnipgecxf.onion/,,Freshonions,
http://stock3tmmswucuoo.onion/,,Freshonions,
http://narkotbkqacxpxun.onion/,,Freshonions,
http://amazon3pchvmnvfw.onion/,,Freshonions,
http://pole4qqzwplm6w4v.onion/,,Freshonions,
http://izshopuklol7mrwk.onion/,,Freshonions,
http://xvp2vy5iwzmeam5e.onion/,Gluttony,Freshonions,
http://ygiznzardh3zuhml.onion/,,Freshonions,
http://drbundyscn6tebow.onion/,,Freshonions,
http://lwwbbyaed3qkaffa.onion/,,Freshonions,
http://hostingbxvjbegr7.onion/,Order custom .onion website today. Special Offer!,Freshonions,
http://7ep7acn4mzio66rr.onion/,Dream Market Login - Featured anonymous marketplace,Freshonions,
http://kwyzknu3xs4fy65l.onion/,,Freshonions,
http://x3x2dwlhp4doszxd.onion/,Dream Market Login - Featured anonymous marketplace,Freshonions,
http://wvs2cutcokb3sktc.onion/,Internal error - Deathly Wiki,Freshonions,
http://leaknvzz6ntxmqqt.onion/,,Freshonions,
http://digigang3lbqpfig.onion/,Digital Gangster,Freshonions,
http://vilpaqyp6m6iowpp.onion/,Dream Market Login - Featured anonymous marketplace,Freshonions,
http://z7la33y6p3paqpo6.onion/,,Freshonions,
http://oimmknccyvcpbn5q.onion/,403 Forbidden,Freshonions,
http://fniviwzf637zyjwp.onion/,blablabla,Freshonions,
http://saf2obvgkn5ax34q.onion/,403 Forbidden,Freshonions,
http://gv4axdvw46khkyuw.onion/,502 Bad Gateway,Freshonions,
http://bakeryotd2x6nsgw.onion/,,Freshonions,
http://odiumshopgyjab5z.onion/,,Freshonions,
http://radiocbsde2ubzud.onion:706/,,Freshonions,
http://yo2nwq7icjwfujc3.onion/,,Freshonions,
http://torshit47zpstszb.onion/,,Freshonions,
http://xlmytq5x4lk7xuad.onion/,,Freshonions,
http://5mwgeh56bu4erryw.onion/,,Freshonions,
http://dvzw56xbucewc74s.onion/,,Freshonions,
http://xytjqc6ss6heoyiz.onion/,Dream Market Login - Featured anonymous marketplace,Freshonions,
http://u23mpk7dtx6lnyvi.onion/,Verified Recommended Vendors – Just another WordPress site,Freshonions,
http://txcf3gi2wnzfe7nf.onion/,,Freshonions,
http://ubau2fdez5wlnpuz.onion/,Feri Imut,Freshonions,
http://kgjs7pbcanvtl435.onion/,D:\uploadedFiles\7962125644c7fa4790968f82e8a108c-b5da3284bf96cbe\p1bo9q6ok3p73b9ea6fne5dlg4.doc,Freshonions,
http://opcvvxfnkimyiipl.onion/,Knight Bank,Freshonions,
http://gs52lss77nmrbg4n.onion/,,Freshonions,
http://darkchaty3rvl2wn.onion/,,Freshonions,
http://amusb52guif3wk3s.onion/,,Freshonions,
http://aehck24h5osbg2pq.onion/,403 Forbidden,Freshonions,
http://73c7jy3nf3zq2s7o.onion/,DEVIL-SOUL,Freshonions,
http://43xivsgh3d2s4i6s.onion/,,Freshonions,
http://ky3x3zffmeu2s2dq.onion/,,Freshonions,
http://u2ypmumruiroufwn.onion/,,Freshonions,
http://yo2jwhcks3kktv6e.onion/,,Freshonions,
http://c6p6urnnqjvgpi6v.onion/,,Freshonions,
http://6fbhsdihteydkxq5.onion/,,Freshonions,
http://2wtbqjmw2nijby63.onion/,,Freshonions,
http://syndicatepidu55p.onion/,✖ СИНДИКАТ ✖,Freshonions,
http://ikpqlzcf4wzqjvlg.onion/,403 Forbidden,Freshonions,
http://fi4xeyve4j33ayis.onion/,Airacobra's Outpost II: Dark In The Lightness,Freshonions,
http://hd5ckeahzlk3hrn7.onion/,egy hacker 2018,Freshonions,
http://ga34m672otjtv22j.onion/,Welcome To DNSource,Freshonions,
http://ap6nbfs5yzq4teys.onion/,,Freshonions,
http://antiam2zmvsrt257.onion/,Onion ANTI-ARMENIA,Freshonions,
http://2dxnijympxgmadbd.onion/,CryptoMiner – Crypto Miners Community,Freshonions,
http://evupze2fj7x75y3o.onion/,,Freshonions,
http://lchudif73zivqurq.onion/,Dream Market Login - Featured anonymous marketplace,Freshonions,
http://moscoa35xuvsoxb3.onion/,,Freshonions,
http://mvwluohkfji6p2bt.onion/,,Freshonions,
http://cards4ubxgdt3zvw.onion/,Store Cards,Freshonions,
http://tcqqnjfjdhcips5x.onion/,,Freshonions,
http://zs2g2rs5rt6cn47w.onion/,,Freshonions,
http://qz3mrbpcjn2hux24.onion/,Game Console – Requires jscript support,Freshonions,
http://silverhqdkffohzz.onion/,,Freshonions,
http://freemag66466gcf5.onion/,,Freshonions,
http://hogwarokvkutataq.onion/,,Freshonions,
http://tornoteqjerqldnk.onion/,TorNote,Freshonions,
http://54ce5x7l4m3t2spm.onion/,MARKET BRAZIL – Seu Mercado na Deepweb brasileira.,Freshonions,
http://megaeeayahdmmeee.onion/,/// MEGA,Freshonions,
http://spxjctmjxlkynqvw.onion/,"Buy generic Levitra and pay with bitcoin - Filitra, Vardenafil",Freshonions,
http://zyyx25v6ewil5lmi.onion/,Max | Worlds best Hacker Group,Freshonions,
http://ugaoitz65dstlwb3.onion/,Level7 Web SECURITY - Installation Wizard,Freshonions,
http://5trpk2y4xzwmxznp.onion/,Index of /,Freshonions,
http://uploadwpqs3cmdrv.onion/,Lilina,Freshonions,
http://uploadq47joag5uq.onion/,,Freshonions,
http://4iqc6slhfclodhri.onion/,nigger,Freshonions,
http://tx23k6tcybmaw2ee.onion/,Index of /,Freshonions,
http://brasgmmmbvomtquc.onion/,Contra o comunismo no Brasil - Home,Freshonions,
http://5fu3ch6kjhdet3l5.onion/,Hi prospero,Freshonions,
http://vesimfdxe2gkvlvk.onion/,Index of /,Freshonions,
http://7fmzvinndvvzk53m.onion/,404 Not Found,Freshonions,
http://torlinksd6pdnihy.onion/,TorLinks | .onion Link List The Hidden Wiki Deep Web Onion Urls Onionland Tor linklist,Freshonions,
http://a5ob2dleemf6na3w.onion/,Index of /,Freshonions,
http://yintfi6hipommk4u.onion/,,Freshonions,
http://ywbomom4vtf4jaag.onion/,404 Not Found,Freshonions,
http://a3dyu4tlcvfhq2fu.onion/,403 Forbidden,Freshonions,
http://3qjxejztupq4x7re.onion/,Index of /,Freshonions,
http://tl7n3gkpjnyvl7c2.onion/,Index of /,Freshonions,
http://yflcwz6mkrkvcx3f.onion/,403 Forbidden,Freshonions,
http://j74d57j3bxlbiodi.onion/,Index of /,Freshonions,
http://barcelonackonkuh.onion/,,Freshonions,
http://axfo7kla5pnj2do3.onion/,Index of /,Freshonions,
http://6v64kngh6unzrjes.onion/,403 Forbidden,Freshonions,
http://tzxebalujczjos6r.onion/,Time Note,Freshonions,
http://fuutt3e3wbjt76nn.onion/,404 Not Found,Freshonions,
http://hcxztplepwtt73lj.onion/,Hcxz Hacking Brazil - Índice,Freshonions,
