website,status,Description
http://torl7e6yohnjtrn3.onion/,The Open Road - Marketplace,Freshonions
http://pni3r4yzyynflnk6.onion/,,Freshonions
http://6uwuyghhlm7ixmpo.onion/,Pirate Bay,Freshonions
http://26bklzylx6zurdes.onion/,Hidden Link Request,Freshonions
http://22222owjmamxwgv4.onion/,The Open Road - Marketplace,Freshonions
http://7etgp4m46srtud6q.onion/,The Open Road - Marketplace,Freshonions
http://x3d5reovqg2apnt4.onion/,Index of /,Freshonions
http://vhkqztpade5ux6kg.onion/,The Open Road - Marketplace,Freshonions
http://t4bw6lp4wg7zubi7.onion/,The Open Road - Marketplace,Freshonions
http://mmmpzbsgzfyy7ho5.onion/,The Open Road - Marketplace,Freshonions
http://tormnvkx7ub7dd37.onion/,The Open Road - Marketplace,Freshonions
http://3x6r6gepc2ucxfzw.onion/,,Freshonions
http://aaatjfyoq3eozxdd.onion/,,Freshonions
http://wallwkbb65z72dyy.onion/,,Freshonions
http://ynmdqab4sudjb4mt.onion/,The Open Road - Marketplace,Freshonions
http://chatboxdb7vifffz.onion/,CHAT BOX - Encrypted Chatroom,Freshonions
http://qzi7qalm7r66j5cm.onion/,,Freshonions
http://nonick5bffkgrkd6.onion/,,Freshonions
http://torlqghlnmwdclea.onion/,The Open Road - Marketplace,Freshonions
http://cb3rob5vwac2dtyc.onion/,CB3ROB Tactical Data Services,Freshonions
http://casinolg3axmici3.onion/,,Freshonions
http://onionthfqhz4icv6.onion/,The Open Road - Marketplace,Freshonions
http://tor6lzs2yjahslph.onion/,The Open Road - Marketplace,Freshonions
http://nmyqnnscekqn6l66.onion/,,Freshonions
http://s3i7isgt3ljslhud.onion/,,Freshonions
http://cfrs77jrmznrc5zb.onion/,Coming Soon Page,Freshonions
http://54cajdjvzfhnltgt.onion/,,Freshonions
http://f5uun74o2wuumn34.onion/,D:\uploadedFiles\7962125644c7fa4790968f82e8a108c-b5da3284bf96cbe\p1bo9q6ok3p73b9ea6fne5dlg4.doc,Freshonions
http://vu3ekojzlpaepth4.onion/,,Freshonions
http://examplelatozpqzz.onion/,Index of /index.html/,Freshonions
http://kashireccgxtayhv.onion/,,Freshonions
http://wbaidlaw6quwv7h3.onion/,Whistleblower Aid,Freshonions
http://qhfkh5tglepqnoqw.onion/,,Freshonions
http://ljyv7ezacuhjlpyn.onion/,,Freshonions
http://pandoraujsbl54pf.onion/,3DX Pandora,Freshonions
http://ccsclubt4age2re2.onion/,CluB,Freshonions
http://amooha4icm2i6ww5.onion/,,Freshonions
http://nj2ge4qj54athlgm.onion/,,Freshonions
http://6prul2ufsfh5fqic.onion/,D:\uploadedFiles\7962125644c7fa4790968f82e8a108c-b5da3284bf96cbe\p1bo9q6ok3p73b9ea6fne5dlg4.doc,Freshonions
http://ryf5un3apnej7pfc.onion/,Index of /,Freshonions
http://j3rkrwzrnt3dhlwj.onion/,,Freshonions
http://5rdlqwehpggthm62.onion/,,Freshonions
http://jdfeshzb6k3hwhmf.onion/,"naydde is secretly hiding here, shh...",Freshonions
http://ukmafiao6elqbltk.onion/,UK MAFiA FORUM,Freshonions
http://darkofcalsvmehjy.onion/,Dark of cals | Creating the best web resources and materials for onion,Freshonions
http://dlnzwobrf7ehcgvy.onion/,,Freshonions
http://onra4cczpph77na3.onion/,Home,Freshonions
http://bfbmp4cred6sahyu.onion/,Index of /,Freshonions
http://avengersdutyk3xf.onion/,Login,Freshonions
http://wdidnojw3grv7s7p.onion/,,Freshonions
http://k5p5hwak4lpdqck3.onion/,,Freshonions
http://yrk5vc73elocqnfr.onion/,,Freshonions
http://n5hzkmrz3nbr4eij.onion/,,Freshonions
http://hydraoapppqrmb4q.onion/,,Freshonions
http://2up35wryoyyger4c.onion/,,Freshonions
http://atmskimoobwfmobr.onion/,,Freshonions
http://jsbmclrqlpbogi3c.onion/,,Freshonions
http://fqmd2oqq3dzi4fyo.onion/,,Freshonions
http://netflil2qmv7ej4q.onion/,,Freshonions
http://6xnf6a3cpfzwi7qq.onion/,,Freshonions
http://ablmjjglyhfbxekd.onion/,,Freshonions
http://mdztjg723xffyk6d.onion/,,Freshonions
http://4s4ogiohvuohmtxg.onion/,,Freshonions
http://q7y4x5cplqtilauz.onion/,Yogurt & AOao's Deep Web Site,Freshonions
http://tnokzbzhaekzkz2q.onion/,,Freshonions
http://kolchplzpprjfa7e.onion/,Одобренные посты | kolchplzpprjfa7e.onion,Freshonions
http://czbkrztpuy3x2q6x.onion/,,Freshonions
http://krqewwmhtsqkne7d.onion/,D:\uploadedFiles\7962125644c7fa4790968f82e8a108c-b5da3284bf96cbe\p1bo9q6ok3p73b9ea6fne5dlg4.doc,Freshonions
http://rst5ennmk34gxxxo.onion/,,Freshonions
http://pje6yuisppw7auw2.onion/,!! l0l2d v0ld3m0l2t !!,Freshonions
http://77uo22lpac2f5uer.onion/,403 Forbidden,Freshonions
http://qxklmrhx7qkzais6.onion/,Tochka Foundation,Freshonions
http://woimdjumr7zgwcfd.onion/,,Freshonions
http://mg2tsf7h4daxq4l2.onion/,,Freshonions
http://gtml5jzzqd3srq2x.onion/,Index of /,Freshonions
http://gddczlv7pcxvc2cm.onion/,Savitar - Tutorials,Freshonions
http://pkwfkh3z76xczyxt.onion/,Pirate Bay,Freshonions
http://5rf2lx3gwf2fiz76.onion/,,Freshonions
http://j2a4e3f4fb3itsqg.onion/,,Freshonions
http://gymtxlaaxpkkvgef.onion/,,Freshonions
http://laoge666fuvdu3jz.onion/,,Freshonions
http://7gsvzekplbwvl43c.onion/,Speech Synthesis,Freshonions
http://r3yjqw57jxd6bxsv.onion/,ZwiebelKeller,Freshonions
http://nufu4hxmhj7hanim.onion/,,Freshonions
http://v3nzcsyipvwcpplf.onion/,,Freshonions
http://fubghk2fze6copf3.onion/,D:\uploadedFiles\7962125644c7fa4790968f82e8a108c-b5da3284bf96cbe\p1bo9q6ok3p73b9ea6fne5dlg4.doc,Freshonions
http://qlpatdiuemfcuvcy.onion/,,Freshonions
http://fjh275e4iurqhm3x.onion/,,Freshonions
http://exposedm6pxexppy.onion/,,Freshonions
http://flhqhmu35gsthcsj.onion/,Nintendo was here,Freshonions
http://4uuuc2aqrsa24uuu.onion/,"Párame bolas, Senpai",Freshonions
http://zy3vp6keh6uo3zmz.onion/,,Freshonions
http://huo3lhm3efsdayto.onion/,,Freshonions
http://y2s65xl4fmlztjvz.onion/,,Freshonions
http://p4btzfloayu5s4ww.onion/,,Freshonions
http://lhhzpqn4qig5vhry.onion/,,Freshonions
http://clonedusbmna6mmw.onion/,Cloned Cards,Freshonions
http://i26hkxaarazcwjpb.onion/,,Freshonions
http://gf7dqainyuzzw3of.onion/,,Freshonions
http://kz77lt2wvpmgzedq.onion/,Registration system PHP and MySQL,Freshonions
http://zrrnmtajpb3wzxs2.onion/,,Freshonions
http://arbawpevhfaln57e.onion/,,Freshonions
http://lk2qtkidhjvfwvvy.onion/,D:\uploadedFiles\7962125644c7fa4790968f82e8a108c-b5da3284bf96cbe\p1bo9q6ok3p73b9ea6fne5dlg4.doc,Freshonions
http://2222222d4256gvet.onion/,Onion Site Test,Freshonions
http://wf7t6anvpgdqe6gr.onion/,,Freshonions
http://jko4w6wlrojgsube.onion/,,Freshonions
http://zpmjvnmnvlwikg4j.onion/,,Freshonions
http://rd5zuimssgzffth6.onion/,,Freshonions
http://llab4phqnvil2kxs.onion/,Index of /,Freshonions
http://4mdzgzgxk5rm2tms.onion/,,Freshonions
http://u3vdovuz3rgo3r7c.onion/,,Freshonions
http://237sx6h3afg2xflz.onion/,,Freshonions
http://ppornkdmmhqyk7qg.onion/,,Freshonions
http://33eli4aapei36wqt.onion/,403 Forbidden,Freshonions
http://pvbj46lc2e3qhjq6.onion/,,Freshonions
http://c6bxhyu3y5o7jmsf.onion/,,Freshonions
http://bitcohjnw63rvhyi.onion/,,Freshonions
http://s7oawbfpbj776yys.onion/,,Freshonions
http://pca3ocq4db6eq43l.onion/,,Freshonions
http://zks3yvvtwakups5r.onion/,,Freshonions
http://zorttdfh6eknigtn.onion/,,Freshonions
http://a7eeh3ypywnyffcp.onion/,,Freshonions
http://pt7cjbwljfccsgem.onion/,,Freshonions
http://pybnt7jt6xd43mfk.onion/,,Freshonions
http://6phe3o4s43zifcu6.onion/,,Freshonions
http://ltsnl3vaattxz4jw.onion/,,Freshonions
http://hzudtgp7fjctm34z.onion/,,Freshonions
http://7p7nhxmtsbbd2dpd.onion/,,Freshonions
http://yxjhsvkbfkldw6sa.onion/,,Freshonions
http://dajv677ycgs7suc5.onion/,,Freshonions
http://z4x7npspunqdxpiy.onion/,,Freshonions
http://gy5amqbwj5arykwm.onion/,seguridadjms,Freshonions
http://w5aaeahhy6ndlk7j.onion/,,Freshonions
http://jl66djetiy5gdlgq.onion/,,Freshonions
http://7gpaa3y3ewf22qvn.onion/,,Freshonions
http://g3ecjetg3zil2ajl.onion/,,Freshonions
http://6rptjm2zrwgieppc.onion/,,Freshonions
http://i6k5yilbzofzat4c.onion/,,Freshonions
http://hnmxi7olay2fjc4v.onion/,,Freshonions
http://phoenixyhq6swjqd.onion/,Каталог :: Bossa Nova,Freshonions
http://dcxwh6en6zorl6nl.onion/,,Freshonions
http://xmh57ksmfypgik4h.onion/,,Freshonions
http://gqvczpnuxlfqnwk6.onion/,Math404,Freshonions
http://3iomnygpinarlp4p.onion/,,Freshonions
http://urgmq4lrfd4c4nsq.onion/,,Freshonions
http://phr6dfef33nyxs5x.onion/,,Freshonions
http://3tn6czhdtalq5qhr.onion/,,Freshonions
http://f2sikjyyhrsl7qxy.onion/,,Freshonions
http://5u7tij3ukgj4tg4b.onion/,,Freshonions
http://lvm6a32wgvv3qezo.onion/,,Freshonions
http://onfa6v6on5kkcts7.onion/,,Freshonions
http://idwrflsk4wqzkt67.onion/,Index of /,Freshonions
http://qifximvx27qp3uoj.onion/,,Freshonions
http://equihxbdrjn5czx2.onion/,,Freshonions
http://zgnhwg4g3clmftg3.onion/,,Freshonions
http://77nr5e4nvcut3pe4.onion/,,Freshonions
http://bughuevpkn3u66af.onion/,service,Freshonions
http://gadmbvhi5i44wlif.onion/,,Freshonions
http://ptbtdjrl4ojin2vy.onion/,,Freshonions
http://voruf2fhfjpkwncn.onion/,,Freshonions
http://w6hvnslzvaxfgqsz.onion/,PirateCRACKERS | Home,Freshonions
http://dflmmw7qz7t2iaxt.onion/,,Freshonions
http://5tlwhuwfsar6gimf.onion/,CgAn Etherpad,Freshonions
http://kvgnjhuwbehyjkjy.onion/,!!!!!!!!!!!!!!!!!!!!!,Freshonions
http://fduk5fc6nkwfxhyp.onion/,D:\uploadedFiles\7962125644c7fa4790968f82e8a108c-b5da3284bf96cbe\p1bo9q6ok3p73b9ea6fne5dlg4.doc,Freshonions
http://52utbt6aprg2yuco.onion/,,Freshonions
http://qnkqe5q72iiqcw2e.onion/,,Freshonions
http://jje5vh25v7gsuxja.onion/,,Freshonions
http://snuffnu56nh7tpvi.onion/,,Freshonions
http://3hmnuq57cp452wem.onion/,,Freshonions
http://my7nrnmkscxr32zo.onion/,,Freshonions
http://hinduismr3lkph62.onion/,Books on Hinduism,Freshonions
